{
  "root_group": {
    "name": "",
    "path": "",
    "id": "d41d8cd98f00b204e9800998ecf8427e",
    "groups": {},
    "checks": {
      "csrf: valid status": {
        "name": "csrf: valid status",
        "path": "::csrf: valid status",
        "id": "6a3d14dc64ba29ae1dbe1241dbb49910",
        "passes": 811,
        "fails": 0
      },
      "csrf: not server error": {
        "name": "csrf: not server error",
        "path": "::csrf: not server error",
        "id": "ebfb41ea4d2f5b82038d3135670eb05e",
        "passes": 811,
        "fails": 0
      },
      "csrf: token present (cookie or body)": {
        "name": "csrf: token present (cookie or body)",
        "path": "::csrf: token present (cookie or body)",
        "id": "8be60d13ad746e144f5b0765a4f33d75",
        "passes": 811,
        "fails": 0
      },
      "csrf returned expected status": {
        "name": "csrf returned expected status",
        "path": "::csrf returned expected status",
        "id": "e3ad930b27241c88966afeafef988411",
        "passes": 811,
        "fails": 0
      },
      "csrf not server error": {
        "name": "csrf not server error",
        "path": "::csrf not server error",
        "id": "194ba8d4420463cdda799651681d4530",
        "passes": 811,
        "fails": 0
      }
    }
  },
  "metrics": {
    "http_req_connecting": {
      "avg": 6.9543642416769424,
      "min": 0,
      "med": 0,
      "max": 1324.3247,
      "p(90)": 0,
      "p(95)": 0
    },
    "http_req_duration{expected_response:true}": {
      "avg": 327.99061578298404,
      "min": 294.558,
      "med": 307.6182,
      "max": 1204.1583,
      "p(90)": 317.388,
      "p(95)": 343.07205
    },
    "csrf_latency": {
      "p(95)": 343.07205,
      "avg": 327.99061578298404,
      "min": 294.558,
      "med": 307.6182,
      "max": 1204.1583,
      "p(90)": 317.388,
      "thresholds": {
        "p(95)<5000": false,
        "avg<3000": false
      }
    },
    "http_req_waiting": {
      "p(95)": 342.89594999999997,
      "avg": 327.8493219482121,
      "min": 294.558,
      "med": 307.4892,
      "max": 1204.1583,
      "p(90)": 317.331
    },
    "data_received": {
      "count": 625428,
      "rate": 10314.836389222442
    },
    "http_req_receiving": {
      "max": 1.6188,
      "p(90)": 0.5729,
      "p(95)": 0.89395,
      "avg": 0.14031319358816277,
      "min": 0,
      "med": 0
    },
    "csrf_token_present_rate": {
      "passes": 811,
      "fails": 0,
      "thresholds": {
        "rate>0.90": false
      },
      "value": 1
    },
    "http_req_tls_handshaking": {
      "p(90)": 0,
      "p(95)": 0,
      "avg": 5.793212083847101,
      "min": 0,
      "med": 0,
      "max": 342.6534
    },
    "iterations": {
      "count": 811,
      "rate": 13.375372243742525
    },
    "http_req_failed": {
      "passes": 0,
      "fails": 811,
      "value": 0
    },
    "checks": {
      "passes": 4055,
      "fails": 0,
      "value": 1
    },
    "csrf_success_rate": {
      "passes": 811,
      "fails": 0,
      "thresholds": {
        "rate>0.95": false
      },
      "value": 1
    },
    "http_req_duration": {
      "p(95)": 343.07205,
      "avg": 327.99061578298404,
      "min": 294.558,
      "med": 307.6182,
      "max": 1204.1583,
      "p(90)": 317.388
    },
    "http_req_sending": {
      "avg": 0.0009806411837237979,
      "min": 0,
      "med": 0,
      "max": 0.7953,
      "p(90)": 0,
      "p(95)": 0
    },
    "iteration_duration": {
      "avg": 743.2973008631324,
      "min": 505.7575,
      "med": 725.0508,
      "max": 2279.9635,
      "p(90)": 894.7263,
      "p(95)": 1016.2121500000001
    },
    "data_sent": {
      "count": 142286,
      "rate": 2346.643915010048
    },
    "vus_max": {
      "value": 15,
      "min": 15,
      "max": 15
    },
    "http_req_blocked": {
      "avg": 13.306262145499383,
      "min": 0,
      "med": 0,
      "max": 1629.3772,
      "p(90)": 0,
      "p(95)": 0
    },
    "vus": {
      "value": 1,
      "min": 1,
      "max": 15
    },
    "http_reqs": {
      "count": 811,
      "rate": 13.375372243742525
    }
  }
}