{
  "root_group": {
    "id": "d41d8cd98f00b204e9800998ecf8427e",
    "groups": {},
    "checks": {
      "login returned a non-server-error status": {
        "name": "login returned a non-server-error status",
        "path": "::login returned a non-server-error status",
        "id": "21ed3ac2fbcd1ac6d8331e88bf782097",
        "passes": 73,
        "fails": 0
      },
      "login produced expected status": {
        "path": "::login produced expected status",
        "id": "72fabc145d5a1dc29ccb16ced6e76312",
        "passes": 43,
        "fails": 30,
        "name": "login produced expected status"
      }
    },
    "name": "",
    "path": ""
  },
  "metrics": {
    "vus_max": {
      "value": 5,
      "min": 5,
      "max": 5
    },
    "http_req_waiting": {
      "min": 0,
      "med": 305.1023,
      "max": 29980.5175,
      "p(90)": 698.159339999999,
      "p(95)": 11675.701899999776,
      "avg": 1808.6538506849315
    },
    "iterations": {
      "count": 73,
      "rate": 1.213485455892248
    },
    "data_received": {
      "count": 52444,
      "rate": 871.7812499837405
    },
    "http_req_failed": {
      "passes": 73,
      "fails": 0,
      "value": 1
    },
    "http_req_duration": {
      "p(90)": 698.159339999999,
      "p(95)": 11675.701899999776,
      "avg": 1808.7657520547943,
      "min": 0,
      "med": 305.1023,
      "max": 29980.5175
    },
    "http_req_connecting": {
      "min": 0,
      "med": 0,
      "max": 353.8956,
      "p(90)": 0,
      "p(95)": 122.58803999999739,
      "avg": 18.059982191780822
    },
    "vus": {
      "value": 1,
      "min": 1,
      "max": 5
    },
    "http_reqs": {
      "count": 73,
      "rate": 1.213485455892248
    },
    "profile_get_latency": {
      "avg": 0,
      "min": 0,
      "med": 0,
      "max": 0,
      "p(90)": 0,
      "p(95)": 0,
      "thresholds": {
        "p(95)<6000": false
      }
    },
    "http_req_receiving": {
      "p(90)": 0.51242,
      "p(95)": 0.6398399999999993,
      "avg": 0.10496849315068493,
      "min": 0,
      "med": 0,
      "max": 1.9343
    },
    "http_req_tls_handshaking": {
      "max": 747.9958,
      "p(90)": 0,
      "p(95)": 123.10003999999736,
      "avg": 23.97634657534247,
      "min": 0,
      "med": 0
    },
    "http_req_sending": {
      "avg": 0.006932876712328767,
      "min": 0,
      "med": 0,
      "max": 0.5061,
      "p(90)": 0,
      "p(95)": 0
    },
    "data_sent": {
      "count": 21093,
      "rate": 350.63080439911215
    },
    "profile_patch_latency": {
      "avg": 0,
      "min": 0,
      "med": 0,
      "max": 0,
      "p(90)": 0,
      "p(95)": 0,
      "thresholds": {
        "p(95)<8000": false
      }
    },
    "http_req_blocked": {
      "avg": 53.836578082191785,
      "min": 0,
      "med": 0,
      "max": 1543.6385,
      "p(90)": 0,
      "p(95)": 245.68807999999476
    },
    "iteration_duration": {
      "max": 30981.5386,
      "p(90)": 2098.3353599999996,
      "p(95)": 13363.397979999785,
      "avg": 2863.207552054795,
      "min": 1000.1557,
      "med": 1306.0951
    },
    "checks": {
      "passes": 116,
      "fails": 30,
      "value": 0.7945205479452054
    }
  }
}