{
  "metrics": {
    "http_req_waiting": {
      "avg": 351.68927084282507,
      "min": 294.27,
      "med": 326.6171,
      "max": 1188.1162,
      "p(90)": 382.24044,
      "p(95)": 421.21855999999985
    },
    "http_req_receiving": {
      "p(90)": 0.51004,
      "p(95)": 0.7139399999999998,
      "avg": 0.09472801822323461,
      "min": 0,
      "med": 0,
      "max": 1.5943
    },
    "iterations": {
      "count": 439,
      "rate": 5.832298689302865
    },
    "http_req_duration": {
      "avg": 351.78486332574084,
      "min": 294.27,
      "med": 326.6171,
      "max": 1188.1162,
      "p(90)": 382.24044,
      "p(95)": 421.21855999999985
    },
    "http_req_sending": {
      "avg": 0.0008644646924829157,
      "min": 0,
      "med": 0,
      "max": 0.3795,
      "p(90)": 0,
      "p(95)": 0
    },
    "data_received": {
      "count": 418326,
      "rate": 5557.635948750138
    },
    "vus": {
      "value": 1,
      "min": 1,
      "max": 12
    },
    "http_reqs": {
      "count": 439,
      "rate": 5.832298689302865
    },
    "http_req_blocked": {
      "avg": 23.792497949886105,
      "min": 0,
      "med": 0,
      "max": 1806.4003,
      "p(90)": 0,
      "p(95)": 0
    },
    "http_req_tls_handshaking": {
      "med": 0,
      "max": 416.8831,
      "p(90)": 0,
      "p(95)": 0,
      "avg": 9.456218906605923,
      "min": 0
    },
    "vus_max": {
      "value": 12,
      "min": 12,
      "max": 12
    },
    "data_sent": {
      "rate": 1972.8049238481542,
      "count": 148494
    },
    "http_req_failed": {
      "passes": 439,
      "fails": 0,
      "value": 1
    },
    "http_req_connecting": {
      "min": 0,
      "med": 0,
      "max": 1393.1576,
      "p(90)": 0,
      "p(95)": 0,
      "avg": 14.317274031890662
    },
    "iteration_duration": {
      "avg": 1376.080264009113,
      "min": 1294.7853,
      "med": 1329.9833,
      "max": 3120.3683,
      "p(90)": 1395.9546,
      "p(95)": 1865.0143199999998
    },
    "logout_latency": {
      "max": 0,
      "p(90)": 0,
      "p(95)": 0,
      "avg": 0,
      "min": 0,
      "med": 0,
      "thresholds": {
        "avg<3500": false,
        "p(95)<6000": false
      }
    },
    "checks": {
      "passes": 878,
      "fails": 0,
      "value": 1
    }
  },
  "root_group": {
    "id": "d41d8cd98f00b204e9800998ecf8427e",
    "groups": {},
    "checks": {
      "login returned a non-server-error status": {
        "name": "login returned a non-server-error status",
        "path": "::login returned a non-server-error status",
        "id": "21ed3ac2fbcd1ac6d8331e88bf782097",
        "passes": 439,
        "fails": 0
      },
      "login produced expected status": {
        "name": "login produced expected status",
        "path": "::login produced expected status",
        "id": "72fabc145d5a1dc29ccb16ced6e76312",
        "passes": 439,
        "fails": 0
      }
    },
    "name": "",
    "path": ""
  }
}