{
  "root_group": {
    "name": "",
    "path": "",
    "id": "d41d8cd98f00b204e9800998ecf8427e",
    "groups": {},
    "checks": {
      "health: status is 200": {
        "name": "health: status is 200",
        "path": "::health: status is 200",
        "id": "c258fe7e8387e08a523cc2f2682f3b81",
        "passes": 3804,
        "fails": 0
      },
      "health: latency under threshold": {
        "id": "54c62fc40999e04e23ae16432e3a1438",
        "passes": 3804,
        "fails": 0,
        "name": "health: latency under threshold",
        "path": "::health: latency under threshold"
      },
      "health: response valid JSON": {
        "fails": 0,
        "name": "health: response valid JSON",
        "path": "::health: response valid JSON",
        "id": "724fd40428eb283089a621e370537dba",
        "passes": 3804
      }
    }
  },
  "metrics": {
    "data_received": {
      "count": 2715095,
      "rate": 28475.64443996606
    },
    "http_req_failed": {
      "passes": 0,
      "fails": 3804,
      "thresholds": {
        "rate<0.005": false
      },
      "value": 0
    },
    "http_req_duration": {
      "p(95)": 315.40081,
      "avg": 315.79031540483743,
      "min": 292.8036,
      "med": 305.26005,
      "max": 1162.0291,
      "p(90)": 312.43591000000004,
      "thresholds": {
        "avg<3000": false,
        "p(95)<5000": false
      }
    },
    "data_sent": {
      "count": 516356,
      "rate": 5415.490014324771
    },
    "http_req_waiting": {
      "med": 305.1417,
      "max": 1160.4357,
      "p(90)": 312.23911999999996,
      "p(95)": 315.20623499999994,
      "avg": 315.6616002365934,
      "min": 292.8036
    },
    "vus_max": {
      "value": 40,
      "min": 40,
      "max": 40
    },
    "http_req_duration{expected_response:true}": {
      "avg": 315.79031540483743,
      "min": 292.8036,
      "med": 305.26005,
      "max": 1162.0291,
      "p(90)": 312.43591000000004,
      "p(95)": 315.40081
    },
    "http_reqs": {
      "count": 3804,
      "rate": 39.895971024818984
    },
    "health_latency": {
      "p(90)": 312.43591000000004,
      "p(95)": 315.40081,
      "avg": 315.79031540483743,
      "min": 292.8036,
      "med": 305.26005,
      "max": 1162.0291,
      "thresholds": {
        "p(95)<5000": false,
        "avg<3000": false
      }
    },
    "iteration_duration": {
      "p(90)": 592.50024,
      "p(95)": 602.717435,
      "avg": 523.8998788380662,
      "min": 398.4995,
      "med": 509.4805,
      "max": 2882.9636
    },
    "http_req_blocked": {
      "p(95)": 0,
      "avg": 7.626240878023133,
      "min": 0,
      "med": 0,
      "max": 2426.1982,
      "p(90)": 0
    },
    "checks": {
      "passes": 11412,
      "fails": 0,
      "thresholds": {
        "rate>0.99": false
      },
      "value": 1
    },
    "http_req_tls_handshaking": {
      "max": 2126.1934,
      "p(90)": 0,
      "p(95)": 0,
      "avg": 3.8536834121976877,
      "min": 0,
      "med": 0
    },
    "vus": {
      "value": 1,
      "min": 1,
      "max": 40
    },
    "http_req_receiving": {
      "min": 0,
      "med": 0,
      "max": 1.677,
      "p(90)": 0.5506200000000001,
      "p(95)": 0.8781549999999997,
      "avg": 0.12724421661409047
    },
    "http_req_sending": {
      "min": 0,
      "med": 0,
      "max": 1.5352,
      "p(90)": 0,
      "p(95)": 0,
      "avg": 0.0014709516298633016
    },
    "http_req_connecting": {
      "avg": 3.4927471871713984,
      "min": 0,
      "med": 0,
      "max": 1311.5382,
      "p(90)": 0,
      "p(95)": 0
    },
    "iterations": {
      "count": 3804,
      "rate": 39.895971024818984
    }
  },
  "setup_data": {}
}