{
  "root_group": {
    "name": "",
    "path": "",
    "id": "d41d8cd98f00b204e9800998ecf8427e",
    "groups": {},
    "checks": {
      "login returned a non-server-error status": {
        "name": "login returned a non-server-error status",
        "path": "::login returned a non-server-error status",
        "id": "21ed3ac2fbcd1ac6d8331e88bf782097",
        "passes": 874,
        "fails": 0
      },
      "login produced expected status": {
        "path": "::login produced expected status",
        "id": "72fabc145d5a1dc29ccb16ced6e76312",
        "passes": 874,
        "fails": 0,
        "name": "login produced expected status"
      }
    }
  },
  "metrics": {
    "http_req_duration": {
      "med": 307.29355,
      "max": 2384.9748,
      "p(90)": 381.31897000000004,
      "p(95)": 777.5746399999997,
      "avg": 352.94675858123526,
      "min": 293.7208
    },
    "iteration_duration": {
      "avg": 1374.574866819223,
      "min": 1294.1882,
      "med": 1307.8256999999999,
      "max": 4431.2977,
      "p(90)": 1410.0145,
      "p(95)": 1883.07936
    },
    "http_reqs": {
      "rate": 10.132580926054505,
      "count": 874
    },
    "http_req_failed": {
      "passes": 874,
      "fails": 0,
      "value": 1
    },
    "refresh_latency": {
      "p(95)": 0,
      "avg": 0,
      "min": 0,
      "med": 0,
      "max": 0,
      "p(90)": 0,
      "thresholds": {
        "p(95)<6000": false,
        "avg<3500": false
      }
    },
    "data_received": {
      "count": 817059,
      "rate": 9472.444438056256
    },
    "iterations": {
      "count": 874,
      "rate": 10.132580926054505
    },
    "http_req_sending": {
      "min": 0,
      "med": 0,
      "max": 0.7316,
      "p(90)": 0,
      "p(95)": 0,
      "avg": 0.003610755148741419
    },
    "http_req_waiting": {
      "p(95)": 777.5746399999997,
      "avg": 352.83375457665875,
      "min": 293.0986,
      "med": 307.134,
      "max": 2384.9748,
      "p(90)": 381.15061000000003
    },
    "checks": {
      "passes": 1748,
      "fails": 0,
      "value": 1
    },
    "data_sent": {
      "rate": 3519.5067706311515,
      "count": 303580
    },
    "vus": {
      "min": 1,
      "max": 20,
      "value": 1
    },
    "http_req_blocked": {
      "p(95)": 0,
      "avg": 21.127000343249428,
      "min": 0,
      "med": 0,
      "max": 3114.32,
      "p(90)": 0
    },
    "http_req_receiving": {
      "min": 0,
      "med": 0,
      "max": 1.5888,
      "p(90)": 0.5252600000000002,
      "p(95)": 0.7075799999999987,
      "avg": 0.10939324942791763
    },
    "vus_max": {
      "value": 20,
      "min": 20,
      "max": 20
    },
    "http_req_connecting": {
      "med": 0,
      "max": 2370.4809,
      "p(90)": 0,
      "p(95)": 0,
      "avg": 11.81093032036613,
      "min": 0
    },
    "http_req_tls_handshaking": {
      "med": 0,
      "max": 743.8391,
      "p(90)": 0,
      "p(95)": 0,
      "avg": 8.459638901601831,
      "min": 0
    }
  }
}